id,name,time
1490,N065.bmp,"2017-09-26 20:53:44"
1491,black,"2017-09-26 20:53:49"
1492,Sp068.bmp,"2017-09-26 20:53:51"
1493,black,"2017-09-26 20:53:56"
1494,H009.bmp,"2017-09-26 20:53:58"
1495,black,"2017-09-26 20:54:03"
1496,A099.bmp,"2017-09-26 20:54:05"
1497,black,"2017-09-26 20:54:10"
1498,Sn081.bmp,"2017-09-26 20:54:12"
1499,black,"2017-09-26 20:54:17"
1500,A063.bmp,"2017-09-26 20:55:26"
1501,black,"2017-09-26 20:55:31"
1502,Sn050.bmp,"2017-09-26 20:55:33"
1503,black,"2017-09-26 20:55:38"
1504,A116.bmp,"2017-09-26 20:55:40"
1505,black,"2017-09-26 20:55:45"
1506,Sp014.bmp,"2017-09-26 20:55:47"
1507,black,"2017-09-26 20:55:52"
1508,P107.bmp,"2017-09-26 20:55:54"
1509,black,"2017-09-26 20:55:59"
1510,A085.bmp,"2017-09-26 20:56:01"
1511,black,"2017-09-26 20:56:06"
1512,Sp011.bmp,"2017-09-26 20:56:08"
1513,black,"2017-09-26 20:56:13"
1514,H035.bmp,"2017-09-26 20:56:15"
1515,black,"2017-09-26 20:56:20"
1516,Sp142.bmp,"2017-09-26 20:56:22"
1517,black,"2017-09-26 20:56:27"
1518,A053.bmp,"2017-09-26 20:56:29"
1519,black,"2017-09-26 20:56:34"
1520,Sn054.bmp,"2017-09-26 20:56:36"
1521,black,"2017-09-26 20:56:41"
1522,H048.bmp,"2017-09-26 20:56:43"
1523,black,"2017-09-26 20:56:48"
1524,N100.bmp,"2017-09-26 20:56:50"
1525,black,"2017-09-26 20:56:55"
1526,N095.bmp,"2017-09-26 20:56:57"
1527,black,"2017-09-26 20:57:02"
1528,N067.bmp,"2017-09-26 20:57:04"
1529,black,"2017-09-26 20:57:09"
1530,N025.bmp,"2017-09-26 20:57:11"
1531,black,"2017-09-26 20:57:16"
1532,A018.bmp,"2017-09-26 20:57:18"
1533,black,"2017-09-26 20:57:24"
1534,N070.bmp,"2017-09-26 20:57:26"
1535,black,"2017-09-26 20:57:31"
1536,N016.bmp,"2017-09-26 20:57:33"
1537,black,"2017-09-26 20:57:38"
1538,A076.bmp,"2017-09-26 20:57:40"
1539,black,"2017-09-26 20:57:45"
1540,N024.bmp,"2017-09-26 20:57:47"
1541,black,"2017-09-26 20:57:52"
1542,P081.bmp,"2017-09-26 20:57:54"
1543,black,"2017-09-26 20:57:59"
1544,Sp098.bmp,"2017-09-26 20:58:01"
1545,black,"2017-09-26 20:58:06"
1546,N022.bmp,"2017-09-26 20:58:08"
1547,black,"2017-09-26 20:58:13"
1548,Sn109.bmp,"2017-09-26 20:58:15"
1549,black,"2017-09-26 20:58:20"
1550,Sp113.bmp,"2017-09-26 20:58:22"
1551,black,"2017-09-26 20:58:27"
1552,Sp047.bmp,"2017-09-26 20:58:29"
1553,black,"2017-09-26 20:58:34"
1554,H100.bmp,"2017-09-26 20:58:36"
1555,black,"2017-09-26 20:58:41"
1556,Sn086.bmp,"2017-09-26 20:58:43"
1557,black,"2017-09-26 20:58:48"
1558,H016.bmp,"2017-09-26 20:58:50"
1559,black,"2017-09-26 20:58:55"
1560,A050.bmp,"2017-09-26 20:58:57"
1561,black,"2017-09-26 20:59:02"
1562,Sp103.bmp,"2017-09-26 20:59:04"
1563,black,"2017-09-26 20:59:09"
1564,Sp136.bmp,"2017-09-26 20:59:11"
1565,black,"2017-09-26 20:59:16"
1566,Sn077.bmp,"2017-09-26 20:59:18"
1567,black,"2017-09-26 20:59:23"
1568,P023.bmp,"2017-09-26 20:59:25"
1569,black,"2017-09-26 20:59:30"
1570,N085.bmp,"2017-09-26 20:59:32"
1571,black,"2017-09-26 20:59:37"
1572,N030.bmp,"2017-09-26 20:59:39"
1573,black,"2017-09-26 20:59:44"
1574,Sp054.bmp,"2017-09-26 20:59:46"
1575,black,"2017-09-26 20:59:51"
1576,P026.bmp,"2017-09-26 20:59:53"
1577,black,"2017-09-26 20:59:58"
1578,N019.bmp,"2017-09-26 21:00:00"
1579,black,"2017-09-26 21:00:05"
1580,H088.bmp,"2017-09-26 21:00:07"
1581,black,"2017-09-26 21:00:12"
1582,H066.bmp,"2017-09-26 21:00:14"
1583,black,"2017-09-26 21:00:20"
1584,Sn010.bmp,"2017-09-26 21:00:22"
1585,black,"2017-09-26 21:00:27"
1586,H040.bmp,"2017-09-26 21:00:29"
1587,black,"2017-09-26 21:00:34"
1588,H074.bmp,"2017-09-26 21:00:36"
1589,black,"2017-09-26 21:00:41"
1590,Sp090.bmp,"2017-09-26 21:00:43"
1591,black,"2017-09-26 21:00:48"
1592,A090.bmp,"2017-09-26 21:00:50"
1593,black,"2017-09-26 21:00:55"
1594,Sn113.bmp,"2017-09-26 21:00:57"
1595,black,"2017-09-26 21:01:02"
1596,Sn023.bmp,"2017-09-26 21:01:04"
1597,black,"2017-09-26 21:01:09"
1598,A045.bmp,"2017-09-26 21:01:11"
1599,black,"2017-09-26 21:01:16"
1600,Sn055.bmp,"2017-09-26 21:01:18"
1601,black,"2017-09-26 21:01:23"
1602,Sn063.bmp,"2017-09-26 21:01:25"
1603,black,"2017-09-26 21:01:30"
1604,Sn041.bmp,"2017-09-26 21:01:32"
1605,black,"2017-09-26 21:01:37"
1606,H032.bmp,"2017-09-26 21:01:39"
1607,black,"2017-09-26 21:01:44"
1608,P065.bmp,"2017-09-26 21:01:46"
1609,black,"2017-09-26 21:01:51"
1610,Sn004.bmp,"2017-09-26 21:01:53"
1611,black,"2017-09-26 21:01:58"
1612,Sp016.bmp,"2017-09-26 21:02:00"
1613,black,"2017-09-26 21:02:05"
1614,H089.bmp,"2017-09-26 21:02:07"
1615,black,"2017-09-26 21:02:12"
1616,Sp066.bmp,"2017-09-26 21:02:14"
1617,black,"2017-09-26 21:02:19"
1618,Sn058.bmp,"2017-09-26 21:02:21"
1619,black,"2017-09-26 21:02:26"
1620,P075.bmp,"2017-09-26 21:02:28"
1621,black,"2017-09-26 21:02:33"
1622,A097.bmp,"2017-09-26 21:02:35"
1623,black,"2017-09-26 21:02:40"
1624,H002.bmp,"2017-09-26 21:02:42"
1625,black,"2017-09-26 21:02:47"
1626,P092.bmp,"2017-09-26 21:02:49"
1627,black,"2017-09-26 21:02:54"
1628,N090.bmp,"2017-09-26 21:02:56"
1629,black,"2017-09-26 21:03:01"
1630,P074.bmp,"2017-09-26 21:03:03"
1631,black,"2017-09-26 21:03:08"
1632,P085.bmp,"2017-09-26 21:03:11"
1633,black,"2017-09-26 21:03:16"
1634,Sn015.bmp,"2017-09-26 21:03:18"
1635,black,"2017-09-26 21:03:23"
1636,N075.bmp,"2017-09-26 21:03:25"
1637,black,"2017-09-26 21:03:30"
1638,N032.bmp,"2017-09-26 21:03:32"
1639,black,"2017-09-26 21:03:37"
1640,A075.bmp,"2017-09-26 21:03:39"
1641,black,"2017-09-26 21:03:44"
1642,Sn132.bmp,"2017-09-26 21:03:46"
1643,black,"2017-09-26 21:03:51"
1644,Sp116.bmp,"2017-09-26 21:03:53"
1645,black,"2017-09-26 21:03:58"
1646,H025.bmp,"2017-09-26 21:04:00"
1647,black,"2017-09-26 21:04:05"
1648,Sp050.bmp,"2017-09-26 21:04:07"
1649,black,"2017-09-26 21:04:12"
1650,A077.bmp,"2017-09-26 21:04:14"
1651,black,"2017-09-26 21:04:19"
1652,A084.bmp,"2017-09-26 21:04:21"
1653,black,"2017-09-26 21:04:26"
1654,Sn051.bmp,"2017-09-26 21:04:28"
1655,black,"2017-09-26 21:04:33"
1656,Sp010.bmp,"2017-09-26 21:04:35"
1657,black,"2017-09-26 21:04:40"
1658,Sp123.bmp,"2017-09-26 21:04:42"
1659,black,"2017-09-26 21:04:47"
1660,Sp094.bmp,"2017-09-26 21:04:49"
1661,black,"2017-09-26 21:04:54"
1662,A064.bmp,"2017-09-26 21:04:56"
1663,black,"2017-09-26 21:05:01"
1664,A032.bmp,"2017-09-26 21:05:03"
1665,black,"2017-09-26 21:05:08"
1666,P064.bmp,"2017-09-26 21:05:10"
1667,black,"2017-09-26 21:05:15"
1668,Sp108.bmp,"2017-09-26 21:05:17"
1669,black,"2017-09-26 21:05:22"
1670,H037.bmp,"2017-09-26 21:05:24"
1671,black,"2017-09-26 21:05:29"
1672,P050.bmp,"2017-09-26 21:05:31"
1673,black,"2017-09-26 21:05:36"
1674,P130.bmp,"2017-09-26 21:05:38"
1675,black,"2017-09-26 21:05:43"
1676,N077.bmp,"2017-09-26 21:05:45"
1677,black,"2017-09-26 21:05:50"
1678,P095.bmp,"2017-09-26 21:05:52"
1679,black,"2017-09-26 21:05:57"
1680,Sn125.bmp,"2017-09-26 21:05:59"
1681,black,"2017-09-26 21:06:04"
1682,Sn066.bmp,"2017-09-26 21:06:07"
1683,black,"2017-09-26 21:06:12"
1684,Sp051.bmp,"2017-09-26 21:06:14"
1685,black,"2017-09-26 21:06:19"
1686,A104.bmp,"2017-09-26 21:06:21"
1687,black,"2017-09-26 21:06:26"
1688,A122.bmp,"2017-09-26 21:06:28"
1689,black,"2017-09-26 21:06:33"
1690,Sn033.bmp,"2017-09-26 21:06:35"
1691,black,"2017-09-26 21:06:40"
1692,P111.bmp,"2017-09-26 21:06:42"
1693,black,"2017-09-26 21:06:47"
1694,Sp080.bmp,"2017-09-26 21:06:49"
1695,black,"2017-09-26 21:06:54"
1696,Sp007.bmp,"2017-09-26 21:06:56"
1697,black,"2017-09-26 21:07:01"
1698,Sn045.bmp,"2017-09-26 21:07:03"
1699,black,"2017-09-26 21:07:08"
1700,Sp135.bmp,"2017-09-26 21:16:04"
1701,black,"2017-09-26 21:16:09"
1702,A103.bmp,"2017-09-26 21:16:11"
1703,black,"2017-09-26 21:16:16"
1704,Sn130.bmp,"2017-09-26 21:16:18"
1705,black,"2017-09-26 21:16:23"
1706,Sn050.bmp,"2017-09-26 21:16:25"
1707,black,"2017-09-26 21:16:30"
1708,H041.bmp,"2017-09-26 21:16:32"
1709,black,"2017-09-26 21:16:37"
1710,P016.bmp,"2017-09-26 21:16:39"
1711,black,"2017-09-26 21:16:44"
1712,H042.bmp,"2017-09-26 21:16:46"
1713,black,"2017-09-26 21:16:51"
1714,P026.bmp,"2017-09-26 21:16:53"
1715,black,"2017-09-26 21:16:58"
1716,P048.bmp,"2017-09-26 21:17:00"
1717,black,"2017-09-26 21:17:05"
1718,Sn123.bmp,"2017-09-26 21:17:07"
1719,black,"2017-09-26 21:17:12"
1720,Sn029.bmp,"2017-09-26 21:17:14"
1721,black,"2017-09-26 21:17:19"
1722,Sp112.bmp,"2017-09-26 21:17:21"
1723,black,"2017-09-26 21:17:26"
1724,Sp157.bmp,"2017-09-26 21:17:28"
1725,black,"2017-09-26 21:17:33"
1726,A036.bmp,"2017-09-26 21:17:35"
1727,black,"2017-09-26 21:17:40"
1728,Sn061.bmp,"2017-09-26 21:17:42"
1729,black,"2017-09-26 21:17:47"
1730,N082.bmp,"2017-09-26 21:17:49"
1731,black,"2017-09-26 21:17:54"
1732,N079.bmp,"2017-09-26 21:17:56"
1733,black,"2017-09-26 21:18:01"
1734,P113.bmp,"2017-09-26 21:18:03"
1735,black,"2017-09-26 21:18:08"
1736,Sn125.bmp,"2017-09-26 21:18:10"
1737,black,"2017-09-26 21:18:15"
1738,A031.bmp,"2017-09-26 21:18:17"
1739,black,"2017-09-26 21:18:22"
1740,A105.bmp,"2017-09-26 21:18:24"
1741,black,"2017-09-26 21:18:29"
1742,Sn084.bmp,"2017-09-26 21:18:31"
1743,black,"2017-09-26 21:18:36"
1744,Sp017.bmp,"2017-09-26 21:18:38"
1745,black,"2017-09-26 21:18:43"
1746,Sp056.bmp,"2017-09-26 21:18:45"
1747,black,"2017-09-26 21:18:50"
1748,A100.bmp,"2017-09-26 21:18:53"
1749,black,"2017-09-26 21:18:58"
1750,N038.bmp,"2017-09-26 21:19:00"
1751,black,"2017-09-26 21:19:05"
1752,H087.bmp,"2017-09-26 21:19:07"
1753,black,"2017-09-26 21:19:12"
1754,Sp013.bmp,"2017-09-26 21:19:14"
1755,black,"2017-09-26 21:19:19"
1756,P038.bmp,"2017-09-26 21:19:21"
1757,black,"2017-09-26 21:19:26"
1758,N030.bmp,"2017-09-26 21:19:28"
1759,black,"2017-09-26 21:19:33"
1760,P116.bmp,"2017-09-26 21:19:35"
1761,black,"2017-09-26 21:19:40"
1762,H047.bmp,"2017-09-26 21:19:42"
1763,black,"2017-09-26 21:19:47"
1764,P128.bmp,"2017-09-26 21:19:49"
1765,black,"2017-09-26 21:19:54"
1766,Sp130.bmp,"2017-09-26 21:19:56"
1767,black,"2017-09-26 21:20:01"
1768,P076.bmp,"2017-09-26 21:20:03"
1769,black,"2017-09-26 21:20:08"
1770,Sp144.bmp,"2017-09-26 21:20:10"
1771,black,"2017-09-26 21:20:15"
1772,P119.bmp,"2017-09-26 21:20:17"
1773,black,"2017-09-26 21:20:22"
1774,Sp007.bmp,"2017-09-26 21:20:24"
1775,black,"2017-09-26 21:20:29"
1776,A038.bmp,"2017-09-26 21:20:31"
1777,black,"2017-09-26 21:20:36"
1778,N037.bmp,"2017-09-26 21:20:38"
1779,black,"2017-09-26 21:20:43"
1780,N066.bmp,"2017-09-26 21:20:45"
1781,black,"2017-09-26 21:20:50"
1782,H100.bmp,"2017-09-26 21:20:52"
1783,black,"2017-09-26 21:20:57"
1784,Sp061.bmp,"2017-09-26 21:20:59"
1785,black,"2017-09-26 21:21:04"
1786,N111.bmp,"2017-09-26 21:21:06"
1787,black,"2017-09-26 21:21:11"
1788,H110.bmp,"2017-09-26 21:21:13"
1789,black,"2017-09-26 21:21:18"
1790,A111.bmp,"2017-09-26 21:21:20"
1791,black,"2017-09-26 21:21:25"
1792,Sn080.bmp,"2017-09-26 21:21:27"
1793,black,"2017-09-26 21:21:32"
1794,Sn063.bmp,"2017-09-26 21:21:34"
1795,black,"2017-09-26 21:21:39"
1796,H007.bmp,"2017-09-26 21:21:41"
1797,black,"2017-09-26 21:21:46"
1798,P004.bmp,"2017-09-26 21:21:49"
1799,black,"2017-09-26 21:21:54"
1800,N028.bmp,"2017-09-26 22:41:18"
1801,black,"2017-09-26 22:41:24"
1802,Sn035.bmp,"2017-09-26 22:41:26"
1803,black,"2017-09-26 22:41:31"
1804,Sn081.bmp,"2017-09-26 22:41:33"
1805,black,"2017-09-26 22:41:38"
1806,N077.bmp,"2017-09-26 22:41:40"
1807,black,"2017-09-26 22:41:45"
1808,P037.bmp,"2017-09-26 22:41:47"
1809,black,"2017-09-26 22:41:52"
